Rank,PrevGroup,GroupName,Rating,YTD_pct,3Wk_pct
1,7,Oil&gas-refin/mktg,86,+76.0,0.0
2,5,Compsftwr-secur,85,+62.0,+3.0
3,8,Busines equipsupplies,86,+30.0,+1.0
4,2,Commsvc-staffng,85,+38.0,-2.0
5,61,Consum-electrncs,87,+40.0,-1.0
6,1,Compsftwr-netwrk,92,+56.0,+3.0
7,15,Hsehold/applianc,89,+27.0,-1.0
8,18,Medical-svcs,84,+20.0,-1.0
9,10,Retail-homfurn,78,+34.0,-2.0
10,17,Banks-s&ls,96,+28.0,+1.0
11,20,Oil&gas-shipping,89,+60.0,+1.0
12,21,Banks-monycntr,91,+17.0,0.0
13,22,Elec-sci/msrng,80,+69.0,+1.0
14,6,Electronic-parts,86,+50.0,+1.0
15,3,Compsftwr-hrdwr,87,+186,-3.0
16,38,Med-homenurs,87,+24.0,-1.0
17,48,Trnsport-eqpmanu,85,+34.0,-1.0
18,24,Trnsport-ship,88,+44.0,0.0
19,26,Trnsport-rail,80,+24.0,0.0
20,35,Banks-regional,94,+19.0,0.0
21,66,Beverage-alcohol,73,+21.0,0.0
22,36,Food-wholesale,82,+22.0,0.0
23,4,Elec-semiequip,82,+65.0,0.0
24,39,Beverage-non-alcohol,80,+21.0,-1.0
25,54,Commsvc-outsrcng,83,+4.0,0.0
26,9,Med-mngdcare,73,+26.0,-1.0
27,27,Banks-super regional,86,+15.0,0.0
28,33,Trnsport-airline,77,+5.0,-2.0
29,76,Retail-internet,76,+8.0,+12
30,14,Med-devicebio,65,+23.0,-2.0
31,41,Security/safety,86,+8.0,0.0
32,53,Insurance,89,+6.0,-1.0
33,71,Steel-producers,83,+27.0,0.0
34,78,Leisure-products,76,+13.0,-1.0
35,60,Banks-foreign,86,+6.0,0.0
36,74,Finance-crdcard,82,-6.0,0.0
37,25,Telecm-cnsmrprds,83,+11.0,-7.0
38,44,Building-tools,77,+27.0,-1.0
39,123,Compsftwr-enterprise,83,-9.0,+2.0
40,13,Elec-semic/mfg,79,+50.0,0.0
41,45,Med-research,79,-3.0,-1.0
42,89,Oil&gas-integratd,77,+35.0,+1.0
43,12,Elec-semicfablss,83,+21.0,+2.0
44,91,Oil&gas-explo/prodc,74,+32.0,+2.0
45,132,Diversoperatns,82,+7.0,0.0
46,46,Reits,75,+19.0,-1.0
47,28,Finance-consmloan,85,0.0,0.0
48,34,Commsvcs-leasing,87,+19.0,0.0
49,68,Containrs/packg,79,+10.0,-1.0
50,31,Steel-specalloy,78,+51.0,+1.0
51,32,Trucks&prts-hvydut,76,+26.0,0.0
52,50,Machn-metal,65,+20.0,-2.0
53,16,Trnsport-truck,79,+39.0,0.0
54,23,Elec-contract mfg,79,+46.0,0.0
55,93,Retail-apprl/shoe,79,+6.0,-1.0
56,62,Retail-specialty,75,+12.0,+1.0
57,85,Leisure-trvlbook,81,-12.0,0.0
58,56,Oil&gas-pipeline,71,+22.0,0.0
59,59,Medical-pharma,78,+7.0,-1.0
60,77,Auto/truck parts,68,+10.0,-1.0
61,19,Mach-cons/min/frm,74,+34.0,0.0
62,52,Metalprds-dist/fab,82,+26.0,0.0
63,55,Consum-eductn,75,+6.0,+2.0
64,42,Finance-invbnk,84,-3.0,0.0
65,65,Oil&gas-mach/eqp,78,+35.0,+2.0
66,29,Trnsport-airfrght,77,+25.0,-1.0
67,11,Elec-miscprods,82,+36.0,+1.0
68,88,Tobacco,73,+13.0,0.0
69,51,Bldg-heavyconst,68,+31.0,0.0
70,49,Electrcl-powreqp,81,+25.0,+3.0
71,83,Oil&gas-royaltrust,72,+45.0,+2.0
72,86,Finance-invmgmt,81,-7.0,0.0
73,84,Machn-genindus,76,+5.0,+1.0
74,75,Leisure-services,74,-2.0,-1.0
75,111,Paper&paprprods,77,0.0,-2.0
76,63,Compsftwr-med,75,-19.0,+1.0
77,30,Telecom-equip,62,+76.0,+2.0
78,94,Compsftwr-ed/media,73,-13.0,-4.0
79,43,Bldg-constrprods,68,+12.0,0.0
80,96,Retail-wholesauto,70,-6.0,-1.0
81,72,Leisure-lodging,67,+9.0,0.0
82,107,Med-distributn,79,-2.0,0.0
83,98,Med-proftbio,76,+5.0,-1.0
84,64,Energy-alt/other,68,+22.0,+2.0
85,81,Utilities,65,+9.0,-1.0
86,99,Oil&gas-drilling,73,+41.0,+4.0
87,109,Aerospc/defnse,82,+3.0,+1.0
88,92,Leisure/gamingeqp,75,-18.0,-1.0
89,104,Financesvc-spec,81,-2.0,-1.0
90,121,Medical-prods,78,-17.0,0.0
91,117,Consum-spec,73,0.0,0.0
92,100,Food-foodstuffs,75,+1.0,-2.0
93,108,Cosmetics/perscare,69,-1.0,-1.0
94,70,Internet-content,79,-1.0,+5.0
95,90,Mining-metalores,69,+22.0,-1.0
96,67,Commsvcs-advertising,74,-11.0,-1.0
97,105,Food-packagd,73,+1.0,-1.0
98,79,Pollutioncntrl,69,-1.0,0.0
99,126,Commsvcs-consult,80,-6.0,0.0
100,133,Media,70,-14.0,+1.0
101,47,Chemicals-specialty,67,+13.0,-3.0
102,101,Compsftwr-desgn,74,-17.0,+1.0
103,102,Compsftwr-gaming,73,-18.0,-3.0
104,118,Realestdevel/ops,73,-3.0,-1.0
105,110,Retail-restaurnts,74,-3.0,0.0
106,82,Oil&gas-fieldsvcs,71,+28.0,+2.0
107,112,Energy-coal,55,+17.0,0.0
108,40,Agriculturalops,60,+21.0,-7.0
109,97,Bldg-residential/comml,48,-3.0,-2.0
110,106,Chem-agriculture,60,+15.0,-2.0
111,125,Chemicals-basic,57,+14.0,-2.0
112,131,Med-hospitals,79,-14.0,+1.0
113,137,Commsvc-mktrsrch,64,-24.0,-2.0
114,57,Trnsport-logistcs,,+3.0,+1.0
115,37,Internet-netwksol,83,+9.0,0.0
116,120,Chemicals-plastics,,+18.0,+1.0
117,95,Telecmsvcs-forgn,54,+1.0,-1.0
118,113,Retail-supermkts,68,-4.0,-1.0
119,116,Retail-wholebldg,73,-8.0,0.0
120,122,Retail-general,69,+3.0,0.0
121,134,Telecm-cablesvc,62,-4.0,0.0
122,129,Apparel-clothng/shoe,74,-22.0,-1.0
123,119,Cannabis,,-16.0,+1.0
124,114,Finance-comloan,,-14.0,-1.0
125,136,Computer-techsvc,79,-27.0,+1.0
126,80,Retail-leisure,54,-5.0,-2.0
127,115,Hsehold/offcfurn,71,-17.0,-1.0
128,140,Compsftwr-financial,75,-43.0,-1.0
129,130,Medical-systms,69,-20.0,-1.0
130,73,Energy-solar,63,-11.0,-1.0
131,69,Med-revenubio,63,-7.0,-4.0
132,127,Bldg-cement/concrt/ag,61,-13.0,-1.0
133,135,Retail-autoparts,71,-10.0,+1.0
134,87,Compsftwr-spcent,70,-29.0,-1.0
135,58,Telecm-intrastrc,58,+10.0,-3.0
136,124,Finance-mortg,78,-26.0,-1.0
137,139,Compsftwr-databs,77,-31.0,+2.0
138,103,Automakers,76,-16.0,0.0
139,142,Leisure-movies,85,-25.0,-2.0
140,128,Finance-crypto,69,-10.0,-5.0
141,141,Mining-gold/silvr,51,-18.0,-3.0
142,138,Bllg-maint/svc,76,-26.0,-1.0
